paper_id,claim,validity,confidence,explanation
2504.11765v1,"To address this issue, this paper proposes a method to reduce TTFT by leveraging a disk-based key-value (KV) cache to lessen the computational burden during the prefill stage.",Unverified,0.5,Insufficient information to verify
2504.10191v1,"Nevertheless, we observe that local cultural information persists within the models and can be readily activated for cultural customization.",Unverified,0.5,Insufficient information to verify
2504.10191v1,"We term the disparity in model performance with versus without explicit cultural context the explicit-implicit localization gap, indicating that while cultural knowledge exists within LLMs, it may not naturally surface in multilingual interactions if cultural context is not explicitly provided.",Unverified,0.5,Insufficient information to verify
2504.10888v1,"Experiments on four benchmark datasets (e.g., DroneVehicle, LLVIP, VisDrone, MSDrone) show that our method outperforms existing patch attacks in the digital domain.",Unverified,0.5,Insufficient information to verify
2504.10983v1,"Deep generative methods, such as autoregressive models and diffusion models, have greatly accelerated the discovery of novel protein sequences.",Unverified,0.5,Insufficient information to verify
2504.11197v2,"Retrieval-augmented generation (RAG) is a promising solution to enhance model performance by integrating external databases, without requiring intensive on-device model retraining.",Unverified,0.5,Insufficient information to verify
2504.11197v2,"To bridge this gap, we propose DRAGON, a distributed RAG framework to enhance on-device SLMs through both general and personal knowledge without the risk of leaking document privacy.",Unverified,0.5,Insufficient information to verify
2504.11544v1,"By aligning closely with the capabilities of LLMs, this framework ensures a fully cohesive and efficient end-to-end process.",Unverified,0.5,Insufficient information to verify
2504.10893v1,Large language models (LLMs) have demonstrated impressive capabilities and are receiving increasing attention to enhance their reasoning through scaling test--time compute.,Unverified,0.5,Insufficient information to verify
2504.10893v1,This approach enables effective construction and optimization of reasoning plans across multiple maintained hypothesis branches.,Unverified,0.5,Insufficient information to verify
2504.11091v1,"We then systematically evaluate six leading 3D-structure-aware generative models$\unicode{x2014}$spanning diffusion, autoregressive, graph neural network, and language model architectures$\unicode{x2014}$on their usability, chemical validity, and biological relevance.",Unverified,0.5,Insufficient information to verify
2504.10873v1,"This study investigates the capabilities of state-of-the-art vision-language models (VLMs) in zero-shot interpretation, focusing on their ability to caption and classify human gestures in traffic contexts.",Unverified,0.5,Insufficient information to verify
2504.10309v1,"This study proposes a text-to-speech (TTS) framework based on Retrieval-Augmented Generation (RAG) technology, which can dynamically adjust the speech style according to the text content to achieve more natural and vivid communication effects.",Unverified,0.5,Insufficient information to verify
2504.10584v1,"High-resolution, near-ground wind-speed data are critical for improving the accuracy of weather predictions and climate models,$^{1-3}$ supporting wildfire control efforts,$^{4-7}$ and ensuring the safe passage of airplanes during takeoff and landing maneouvers.$^{8,9}$ Quantitative wind speed anemometry generally employs on-site instrumentation for accurate single-position data or sophisticated remote techniques such as Doppler radar for quantitative field measurements.",Unverified,0.5,Insufficient information to verify
2504.10584v1,"It is widely recognized that the wind-induced motion of vegetation depends in a complex manner on their structure and mechanical properties, obviating their use in quantitative anemometry.$^{10-14}$ We analyze measurements on a host of different vegetation showing that leaf motion can be decoupled from the leaf's branch and support structure, at low-to-moderate wind speed, $U_{wind}$. This wind speed range is characterized by a leaf Reynolds number, enabling the development of a remote, quantitative anemometry method based on the formula, $U_{wind}\approx740\sqrt{{\mu}U_{leaf}/{\rho}D}$, that relies only on the leaf size $D$, its measured fluctuating (RMS) speed $U_{leaf}$, the air viscosity $\mu$, and its mass density $\rho$. This formula is corroborated by a first-principles model and validated using a host of laboratory and field tests on diverse vegetation types, ranging from oak, olive, and magnolia trees through to camphor and bullgrass.",Unverified,0.5,Insufficient information to verify
2504.10552v1,"Neural networks are fundamental in artificial intelligence, driving progress in computer vision and natural language processing.",Unverified,0.5,Insufficient information to verify
2504.10552v1,"High-quality datasets are crucial for their development, and there is growing interest in datasets composed of neural networks themselves to support benchmarking, automated machine learning (AutoML), and model analysis.",Unverified,0.5,Insufficient information to verify
2504.12172v1,"In this study, we propose a state-of-the-art framework to identify the poem meters of recited Arabic poetry, where we integrate two separate high-resource systems to perform the low-resource task.",Unverified,0.5,Insufficient information to verify
2504.12532v1,"How diffusion models generalize beyond their training set is not known, and is somewhat mysterious given two facts: the optimum of the denoising score matching (DSM) objective usually used to train diffusion models is the score function of the training distribution; and the networks usually used to learn the score function are expressive enough to learn this score to high accuracy.",Unverified,0.5,Insufficient information to verify
2504.12532v1,"We claim that a certain feature of the DSM objective -- the fact that its target is not the training distribution's score, but a noisy quantity only equal to it in expectation -- strongly impacts whether and to what extent diffusion models generalize.",Unverified,0.5,Insufficient information to verify
2504.10612v1,"Our method substantially outperforms existing EBMs on CIFAR-10 generation (FID 3.97 compared to 8.61), while retaining the simulation-free training of transport-based approaches away from the data manifold.",Unverified,0.5,Insufficient information to verify
2504.10612v1,We believe this simplified framework significantly advances EBM capabilities and paves the way for their broader adoption in generative modeling across diverse domains.,Unverified,0.5,Insufficient information to verify
2504.10127v2,"To address this limitation, we propose training Vision Language Models (VLMs) on data-rich, reasoning-intensive tasks during a dedicated mid-training stage, and then examine how incorporating these tasks facilitates generalization to GUI planning scenarios.",Questionable,0.6,Entity 'Vision Language Models' not found in Wikidata
2504.10127v2,Our work provides valuable insights into cross-domain knowledge transfer for GUI agents and offers a practical approach to addressing data scarcity challenges in this emerging field.,Unverified,0.5,Insufficient information to verify
2504.11239v1,Reasoning is the fundamental capability of large language models (LLMs).,Unverified,0.5,Insufficient information to verify
2504.11239v1,"Specifically, the NPPC has three main modules: i) npgym, which provides a unified interface of 25 well-known NP-complete problems and can generate any number of instances with any levels of complexities, ii) npsolver: which provides a unified interface to evaluate the problem instances with both online and offline models via APIs and local deployments, respectively, and iii) npeval: which provides the comprehensive and ready-to-use tools to analyze the performances of LLMs over different problems, the number of tokens, the aha moments, the reasoning errors and the solution errors.",Unverified,0.5,Insufficient information to verify
2504.11186v1,"Each model was assessed using 5,888 multiple-choice ophthalmology exam questions from the MedMCQA dataset in zero-shot setting.",Unverified,0.5,Insufficient information to verify
2504.11320v1,"Large Language Models (LLMs) are indispensable in today's applications, but their inference procedure -- generating responses by processing text in segments and using a memory-heavy Key-Value (KV) cache -- demands significant computational resources, particularly under memory constraints.",Unverified,0.5,Insufficient information to verify
2504.11320v1,"This work bridges operations research and machine learning, offering a rigorous framework for the efficient deployment of LLMs under memory constraints.",Unverified,0.5,Insufficient information to verify
2504.12352v1,"In this paper, we propose the first approach capable of generating synthetic brain MRI segmentations -- specifically, 3D white matter (WM), gray matter (GM), and cerebrospinal fluid (CSF) segmentations -- for individuals using their easily obtainable and often readily available demographic, interview, and cognitive test information.",Unverified,0.5,Insufficient information to verify
2504.12352v1,"Our approach features a novel deep generative model, CSegSynth, which outperforms existing prominent generative models, including conditional variational autoencoder (C-VAE), conditional generative adversarial network (C-GAN), and conditional latent diffusion model (C-LDM).",Unverified,0.5,Insufficient information to verify
2504.10443v1,Recent advances in Large Language Models (LLMs) have led to significant breakthroughs in video understanding.,Unverified,0.5,Insufficient information to verify
2504.10443v1,"In this work, we propose a dynamic long video encoding method utilizing the temporal relationship between frames, named Temporal Dynamic Context (TDC).",Questionable,0.6,Entity 'Temporal Dynamic Context' not found in Wikidata
2504.11419v1,"This study investigates whether neural networks can autonomously internalize spatial concepts through interaction, focusing on planar navigation tasks.",Unverified,0.5,Insufficient information to verify
2504.11419v1,"Canonical Correlation Analysis (CCA) confirms strong alignment between these representations, suggesting that the agent's neural states actively encode spatial knowledge.",Unverified,0.5,Insufficient information to verify
2504.11338v1,"Serverless architectures, particularly the Function as a Service (FaaS) model, have become a cornerstone of modern cloud computing due to their ability to simplify resource management and enhance application deployment agility.",Unverified,0.5,Insufficient information to verify
2504.11338v1,"In this study, we propose an innovative approach leveraging Transformer models to mitigate the impact of cold starts in FaaS architectures.",Unverified,0.5,Insufficient information to verify
2504.11703v1,"LLM agents are an emerging form of AI systems where large language models (LLMs) serve as the central component, utilizing a diverse set of tools to complete user-assigned tasks.",Unverified,0.5,Insufficient information to verify
2504.10898v1,"A two-pronged approach is taken: (1) The existing RE scope is substantially extended to incorporate union connectors, algebraic filter predicates, and disjunctions for both values and predicates.",Unverified,0.5,Insufficient information to verify
2504.11829v1,Generation capabilities and language coverage of multilingual large language models (mLLMs) are advancing rapidly.,Unverified,0.5,Insufficient information to verify
2504.11829v1,"We draw parallels with machine translation (MT) evaluation, a field that faced similar challenges and has, over decades, developed transparent reporting standards and reliable evaluations for multilingual generative models.",Unverified,0.5,Insufficient information to verify
2504.11944v1,"Model-based approaches are particularly advantageous for offline RL, owing to their data efficiency and generalizability.",Unverified,0.5,Insufficient information to verify
2504.11944v1,"However, due to inherent model errors, model-based methods often artificially introduce conservatism guided by heuristic uncertainty estimation, which can be unreliable.",Unverified,0.5,Insufficient information to verify
2504.12474v1,"Conversely, large language models (LLMs) are proficient in text understanding but are typically unaware of graph structure.",Unverified,0.5,Insufficient information to verify
2504.12951v1,"Recent advancements in large language models (LLMs) have catalyzed the development of general-purpose autonomous agents, demonstrating remarkable performance in complex reasoning tasks across various domains.",Unverified,0.5,Insufficient information to verify
2504.12185v1,"To address this problem, we propose SALAD}(Structure Aware and LLM-driven Augmented Data), a novel approach designed to enhance model robustness and generalization by generating structure-aware and counterfactually augmented data for contrastive learning.",Unverified,0.5,Insufficient information to verify
2504.12185v1,Our method leverages a tagging-based approach to generate structure-aware positive samples and utilizes large language models (LLMs) to generate counterfactual negative samples with diverse sentence patterns.,Unverified,0.5,Insufficient information to verify
2504.11454v2,"Our advancements approach finer-grained supervision, demonstrating that token-based multimodal PLMs can achieve robust structural modeling.",Unverified,0.5,Insufficient information to verify
2504.10812v1,"While prior work introduced a visual-based parking model and a pipeline for data generation, training, and close-loop test, the dataset itself was not released.",Unverified,0.5,Insufficient information to verify
2504.13143v1,"Our benchmark yields several notable insights: 1) Open-source models significantly underperform relative to proprietary, closed-source models, with the performance gap widening as instruction complexity increases; 2) Increased instructional complexity primarily impairs the models' ability to retain key elements from the input images and to preserve the overall aesthetic quality; 3) Decomposing a complex instruction into a sequence of atomic steps, executed in a step-by-step manner, substantially degrades performance across multiple metrics; 4) A straightforward Best-of-N selection strategy improves results for both direct editing and the step-by-step sequential approach; and 5) We observe a ``curse of synthetic data'': when synthetic data is involved in model training, the edited images from such models tend to appear increasingly synthetic as the complexity of the editing instructions rises -- a phenomenon that intriguingly also manifests in the latest GPT-4o outputs.",Unverified,0.5,Insufficient information to verify
2504.12436v1,"In this paper, a novel Sparse Optimization (SO) framework is proposed.",Questionable,0.6,Entity 'Sparse Optimization (SO' not found in Wikidata
2504.12545v1,"The NER process is powered by Large Language Models (LLMs) using few-shot prompting, facilitating the efficient extraction and organization of critical information from diverse sources, including news articles, police reports, and social media.",Unverified,0.5,Insufficient information to verify
2504.12545v1,"Experimental results on real-world mass-shooting corpora demonstrate that GPT-4o is the most effective model for mass-shooting NER, achieving the highest Micro Precision, Micro Recall, and Micro F1-scores.",Unverified,0.5,Insufficient information to verify
2504.10917v1,"The pre-trained GFSE produces generic and theoretically expressive positional and structural encoding for graphs, which can be seamlessly integrated with various downstream graph feature encoders, including graph neural networks for vectorized features and Large Language Models for text-attributed graphs.",Unverified,0.5,Insufficient information to verify
2504.10917v1,"Notably, GFSE achieves state-of-the-art performance in 81.6% evaluated cases, spanning diverse graph models and datasets, highlighting its potential as a powerful and versatile encoder for graph-structured data.",Questionable,0.6,Entity '81.6%' not found in Wikidata
2504.12268v1,The rapid scaling of large language model (LLM) training and inference has driven their adoption in semiconductor design across academia and industry.,Unverified,0.5,Insufficient information to verify
2504.12268v1,"To address this, we introduce HLS-Eval, the first complete benchmark and evaluation framework for LLM-driven HLS design.",Unverified,0.5,Insufficient information to verify
2504.13129v1,"We present a novel approach to integrating scientific knowledge into generative models, enhancing their realism and consistency in image synthesis.",Unverified,0.5,Insufficient information to verify
2504.13129v1,"Leveraging Science-T2I, we present SciScore, an end-to-end reward model that refines the assessment of generated images based on scientific knowledge, which is achieved by augmenting both the scientific comprehension and visual capabilities of pre-trained CLIP model.",Questionable,0.6,Entity 'SciScore' not found in Wikidata
2504.10817v1,"Building on FHBench, we introduced Efficient Personalized Federated Learning with Adaptive LoRA(EPFL), a personalized FL framework that demonstrates superior efficiency and effectiveness across various healthcare modalities.",Questionable,0.6,Entity 'FHBench' not found in Wikidata
2504.10817v1,"Our results highlight the robustness of FHBench as a benchmarking tool and the potential of EPFL as an innovative approach to advancing healthcare-focused FL, addressing key limitations of existing methods.",Questionable,0.6,Entity 'FHBench' not found in Wikidata
2504.10358v1,"Recent advances in video generation have posed great challenges in the assessment of AI-generated content, particularly with the emergence of increasingly sophisticated models.",Unverified,0.5,Insufficient information to verify
2504.10358v1,"In this paper, we emphasize the critical importance of integrating fine-grained reasoning into video evaluation, and we propose $\textbf{F}$ing$\textbf{ER}$, a novel entity-level reasoning evaluation framework that first automatically generates $\textbf{F}$ine-grained $\textbf{E}$ntity-level questions, and then answers those questions by a $\textbf{R}$easoning model with scores, which can be subsequently weighted summed to an overall score for different applications.",Questionable,0.6,Entity '\textbf{F}$ing$\textbf{ER}$' not found in Wikidata
2504.12477v1,This paper presents a Large Language Model (LLM) based conversational agent system designed to enhance human-machine collaboration in Machine Learning Operations (MLOps).,Questionable,0.6,Entity 'a Large Language Model (LLM' not found in Wikidata
2504.11355v1,Training Neural Networks (NNs) to behave as Model Predictive Control (MPC) algorithms is an effective way to implement them in constrained embedded devices.,Questionable,0.6,Entity 'Training Neural Networks' not found in Wikidata
2504.12552v1,We evaluate this method on an internal dataset of 38 simulated surgical trials with five event classes.,Unverified,0.5,Insufficient information to verify
2504.12552v1,Results: Our results indicate that this DT-based approach to the OR event detection model achieves performance on par and sometimes even better than raw RGB video-based models on detecting OR events.,Unverified,0.5,Insufficient information to verify
2504.12007v1,"In recent years, there has been a significant trend toward using large language model (LLM)-based recommender systems (RecSys).",Unverified,0.5,Insufficient information to verify
2504.12007v1,"However, this approach faces limitations due to its discrete nature: (i) information is often compressed during discretization; (ii) the tokenization and generation for the vast number of users and items in real-world scenarios are constrained by a limited vocabulary.",Unverified,0.5,Insufficient information to verify
